Parlaklik,Histogram,KumulatifSayim,CDF,YeniDeger
0,0,0,0,0
1,0,0,0,0
2,0,0,0,0
3,0,0,0,0
4,0,0,0,0
5,0,0,0,0
6,0,0,0,0
7,0,0,0,0
8,0,0,0,0
9,0,0,0,0
10,0,0,0,0
11,0,0,0,0
12,0,0,0,0
13,0,0,0,0
14,0,0,0,0
15,0,0,0,0
16,0,0,0,0
17,0,0,0,0
18,0,0,0,0
19,0,0,0,0
20,0,0,0,0
21,0,0,0,0
22,0,0,0,0
23,0,0,0,0
24,0,0,0,0
25,0,0,0,0
26,0,0,0,0
27,0,0,0,0
28,0,0,0,0
29,0,0,0,0
30,0,0,0,0
31,0,0,0,0
32,0,0,0,0
33,0,0,0,0
34,0,0,0,0
35,0,0,0,0
36,0,0,0,0
37,0,0,0,0
38,0,0,0,0
39,0,0,0,0
40,0,0,0,0
41,0,0,0,0
42,0,0,0,0
43,0,0,0,0
44,0,0,0,0
45,0,0,0,0
46,0,0,0,0
47,0,0,0,0
48,0,0,0,0
49,0,0,0,0
50,0,0,0,0
51,0,0,0,0
52,0,0,0,0
53,0,0,0,0
54,0,0,0,0
55,0,0,0,0
56,0,0,0,0
57,0,0,0,0
58,0,0,0,0
59,0,0,0,0
60,0,0,0,0
61,0,0,0,0
62,0,0,0,0
63,0,0,0,0
64,0,0,0,0
65,0,0,0,0
66,0,0,0,0
67,0,0,0,0
68,0,0,0,0
69,0,0,0,0
70,0,0,0,0
71,0,0,0,0
72,0,0,0,0
73,0,0,0,0
74,0,0,0,0
75,0,0,0,0
76,0,0,0,0
77,0,0,0,0
78,0,0,0,0
79,0,0,0,0
80,0,0,0,0
81,0,0,0,0
82,0,0,0,0
83,0,0,0,0
84,0,0,0,0
85,0,0,0,0
86,0,0,0,0
87,0,0,0,0
88,0,0,0,0
89,0,0,0,0
90,0,0,0,0
91,0,0,0,0
92,1,1,3.50022e-06,0
93,3,4,1.40009e-05,0
94,1,5,1.75011e-05,0
95,6,11,3.85025e-05,0
96,9,20,7.00045e-05,0
97,21,41,0.000143509,0
98,36,77,0.000269517,0
99,55,132,0.00046203,0
100,105,237,0.000829553,0
101,137,374,0.00130908,0
102,222,596,0.00208613,1
103,328,924,0.00323421,1
104,424,1348,0.0047183,1
105,495,1843,0.00645091,2
106,535,2378,0.00832353,2
107,506,2884,0.0100946,3
108,466,3350,0.0117258,3
109,467,3817,0.0133604,3
110,374,4191,0.0146694,4
111,338,4529,0.0158525,4
112,362,4891,0.0171196,4
113,362,5253,0.0183867,5
114,343,5596,0.0195873,5
115,357,5953,0.0208368,5
116,372,6325,0.0221389,6
117,418,6743,0.023602,6
118,442,7185,0.0251491,6
119,461,7646,0.0267627,7
120,512,8158,0.0285548,7
121,556,8714,0.030501,8
122,616,9330,0.0326571,8
123,609,9939,0.0347887,9
124,663,10602,0.0371094,9
125,735,11337,0.039682,10
126,700,12037,0.0421322,11
127,755,12792,0.0447749,11
128,711,13503,0.0472635,12
129,725,14228,0.0498012,13
130,719,14947,0.0523178,13
131,765,15712,0.0549955,14
132,739,16451,0.0575822,15
133,798,17249,0.0603754,15
134,807,18056,0.0632,16
135,721,18777,0.0657237,17
136,700,19477,0.0681739,17
137,657,20134,0.0704735,18
138,594,20728,0.0725526,19
139,566,21294,0.0745338,19
140,549,21843,0.0764554,19
141,572,22415,0.0784575,20
142,596,23011,0.0805437,21
143,619,23630,0.0827103,21
144,744,24374,0.0853145,22
145,818,25192,0.0881776,22
146,918,26110,0.0913908,23
147,1044,27154,0.0950451,24
148,1131,28285,0.0990038,25
149,1317,29602,0.103614,26
150,1190,30792,0.107779,27
151,1220,32012,0.112049,29
152,1186,33198,0.1162,30
153,1256,34454,0.120597,31
154,1312,35766,0.125189,32
155,1510,37276,0.130474,33
156,1549,38825,0.135896,35
157,1596,40421,0.141483,36
158,1847,42268,0.147947,38
159,2446,44714,0.156509,40
160,2759,47473,0.166166,42
161,2914,50387,0.176366,45
162,3241,53628,0.18771,48
163,2864,56492,0.197735,50
164,3374,59866,0.209544,53
165,3149,63015,0.220567,56
166,3159,66174,0.231624,59
167,3147,69321,0.242639,62
168,3178,72499,0.253763,65
169,3477,75976,0.265933,68
170,3849,79825,0.279405,71
171,3339,83164,0.291093,74
172,3135,86299,0.302066,77
173,3472,89771,0.314219,80
174,3684,93455,0.327113,83
175,3319,96774,0.338731,86
176,3214,99988,0.34998,89
177,3219,103207,0.361248,92
178,2994,106201,0.371727,95
179,3412,109613,0.38367,98
180,2765,112378,0.393348,100
181,2311,114689,0.401437,102
182,2080,116769,0.408718,104
183,2004,118773,0.415732,106
184,2078,120851,0.423006,108
185,2006,122857,0.430027,110
186,2019,124876,0.437094,111
187,2068,126944,0.444332,113
188,2043,128987,0.451483,115
189,2055,131042,0.458676,117
190,1877,132919,0.465246,119
191,1707,134626,0.471221,120
192,1519,136145,0.476538,122
193,1566,137711,0.482019,123
194,1544,139255,0.487424,124
195,1522,140777,0.492751,126
196,1757,142534,0.498901,127
197,1893,144427,0.505527,129
198,1941,146368,0.512321,131
199,1962,148330,0.519188,132
200,2069,150399,0.52643,134
201,2040,152439,0.533571,136
202,2034,154473,0.54069,138
203,1941,156414,0.547484,140
204,1839,158253,0.553921,141
205,1767,160020,0.560106,143
206,1862,161882,0.566623,144
207,1988,163870,0.573582,146
208,1954,165824,0.580421,148
209,2105,167929,0.587789,150
210,2166,170095,0.595371,152
211,2114,172209,0.60277,154
212,2215,174424,0.610523,156
213,2248,176672,0.618392,158
214,2121,178793,0.625816,160
215,2010,180803,0.632851,161
216,1811,182614,0.63919,163
217,1934,184548,0.645959,165
218,1959,186507,0.652816,166
219,2026,188533,0.659908,168
220,1929,190462,0.66666,170
221,2009,192471,0.673692,172
222,2035,194506,0.680815,174
223,1929,196435,0.687567,175
224,2132,198567,0.695029,177
225,2096,200663,0.702365,179
226,2335,202998,0.710538,181
227,2262,205260,0.718456,183
228,2301,207561,0.72651,185
229,2195,209756,0.734193,187
230,2325,212081,0.742331,189
231,2510,214591,0.751117,192
232,2431,217022,0.759626,194
233,2509,219531,0.768408,196
234,2425,221956,0.776896,198
235,2210,224166,0.784631,200
236,2561,226727,0.793595,202
237,2773,229500,0.803301,205
238,2851,232351,0.813281,207
239,2807,235158,0.823106,210
240,3413,238571,0.835052,213
241,3944,242515,0.848857,216
242,4057,246572,0.863057,220
243,4718,251290,0.879571,224
244,4896,256186,0.896708,229
245,10011,266197,0.931749,238
246,12026,278223,0.973843,248
247,7319,285542,0.999461,255
248,152,285694,0.999993,255
249,2,285696,1,255
250,0,285696,1,255
251,0,285696,1,255
252,0,285696,1,255
253,0,285696,1,255
254,0,285696,1,255
255,0,285696,1,255
